
-- INSERT INTO users (username, created_at) VALUES ('Kenton_Kirlin', '2017-02-16 18:22:10.846'), ('Andre_Purdy85', '2017-04-02 17:11:21.417'), ('Harley_Lind18', '2017-02-21 11:12:32.574');

--  insert uuids as '292a485f-a56a-4938-8f1a-bbbbbbbbbbb1'::UUID,


INSERT INTO users(id, username, tag, profile_pic_url) 
VALUES 
( 'ff3b766f-1807-4101-b174-20a7e81d0561', 'Zora73',  'mobile-fish', '../../users/default/Monkey_2.svg'),
( '547a242e-3196-49df-9a78-ea99b0aed8b2', 'Elvera_Schneider41',  'digital-cat', '../../users/default/Monkey_2.svg'),
( '13a12309-49e7-4e02-8c40-d419169192f6', 'Louisa.Pollich54',  'redundant-lion', '../../users/default/Monkey_2.svg'),
( '93f4865a-4c9d-40ee-9278-c47fcc9ec39a', 'Rashad25',  'virtual-dog', '../../users/default/Monkey_2.svg'),
( '9708b3f4-3e82-4f74-aeb4-892298a7e1a5', 'Letha_Rath90',  'mobile-fish', '../../users/default/Monkey_2.svg'),
( '5e24734a-a239-4263-ab8c-4020c1470ed6', 'Jake73',  'multi-byte-cetacean', '../../users/default/Monkey_2.svg'),
( '62efc95f-1129-49e2-82d3-86c9d0a206d4', 'Leopoldo_Fadel73',  'online-crocodilia', '../../users/default/Monkey_2.svg'),
( 'b7939549-74e8-4845-a499-35b684d6e9b0', 'Scot50',  'solid state-cetacean', '../../users/default/Monkey_2.svg'),
( '1db533cf-42a8-4452-a648-c90487b219d8', 'Kacey_McKenzie40',  'neural-snake', '../../users/default/Monkey_2.svg'),
( 'd48d1dfd-9592-4be0-baab-610ec6b7430d', 'Lisandro.Lubowitz66',  'neural-bear', '../../users/default/Monkey_2.svg'),
( '5f1e1bda-009d-4079-8108-c6c71db44620', 'Antonetta.Cruickshank44',  'redundant-cat', '../../users/default/Monkey_2.svg'),
( 'a5849e3f-0840-4462-9511-c190a24b1af1', 'Corine.Ziemann',  'redundant-rabbit', '../../users/default/Monkey_2.svg'),
( 'f7151783-0294-4854-a3db-e399267e86e8', 'Norris.Balistreri',  'multi-byte-snake', '../../users/default/Monkey_2.svg');

INSERT INTO user_headers( description, header_img_url, location, links, joined_date, user_id) 
VALUES 
('generate bluetooth pixel Decentralized bottom-line service-desk synergize sticky architectures', '../../users/1/unsplash_GBEHjsPQbEQ.png', 'Lansing', 'http://lance.org', '2022-02-12 04:51:53', 'ff3b766f-1807-4101-b174-20a7e81d0561'),
('parse solid state bus Organized user-facing attitude target bleeding-edge markets', '../../users/1/unsplash_GBEHjsPQbEQ.png', 'Carolina', 'https://giovanny.biz', '2022-02-12 04:51:53', '547a242e-3196-49df-9a78-ea99b0aed8b2'),
('navigate primary panel Re-contextualized empowering info-mediaries envisioneer enterprise ROI', '../../users/1/unsplash_GBEHjsPQbEQ.png', 'Palm Coast', 'http://major.info', '2022-02-12 04:51:53', '13a12309-49e7-4e02-8c40-d419169192f6'),
('hack mobile card Integrated value-added open architecture envisioneer revolutionary infomediaries', '../../users/1/unsplash_GBEHjsPQbEQ.png', 'Pawtucket', 'http://abagail.biz', '2022-02-12 04:51:53', '9708b3f4-3e82-4f74-aeb4-892298a7e1a5'),
('reboot cross-platform panel Polarised reciprocal orchestration exploit interactive channels', '../../users/1/unsplash_GBEHjsPQbEQ.png', 'Newport Beach', 'http://antone.name', '2022-02-12 04:51:53', '93f4865a-4c9d-40ee-9278-c47fcc9ec39a'),
('program back-end system User-friendly non-volatile analyzer target turn-key synergies', '../../users/1/unsplash_GBEHjsPQbEQ.png', 'Fontana', 'http://verdie.com', '2022-02-12 04:51:53', '5e24734a-a239-4263-ab8c-4020c1470ed6'),
('generate open-source microchip Proactive multi-tasking firmware brand revolutionary infomediaries', '../../users/1/unsplash_GBEHjsPQbEQ.png', 'Fishers', 'http://haylie.name', '2022-02-12 04:51:53', '62efc95f-1129-49e2-82d3-86c9d0a206d4'),
('input virtual system Automated intermediate open system engineer ubiquitous action-items', '../../users/1/unsplash_GBEHjsPQbEQ.png', 'Enterprise', 'http://armando.com', '2022-02-12 04:51:53', 'b7939549-74e8-4845-a499-35b684d6e9b0'),
('input haptic port Distributed neutral algorithm repurpose open-source solutions', '../../users/1/unsplash_GBEHjsPQbEQ.png', 'Grand Rapids', 'http://estella.biz', '2022-02-12 04:51:53', '1db533cf-42a8-4452-a648-c90487b219d8'),
('back up bluetooth capacitor Realigned regional access expedite strategic eyeballs', '../../users/1/unsplash_GBEHjsPQbEQ.png', 'Evansville', 'https://camila.biz', '2022-02-12 04:51:53', 'd48d1dfd-9592-4be0-baab-610ec6b7430d'),
('calculate multi-byte application Grass-roots dedicated software revolutionize world-class models', '../../users/1/unsplash_GBEHjsPQbEQ.png', 'Spring', 'https://olen.name', '2022-02-12 04:51:53', '5f1e1bda-009d-4079-8108-c6c71db44620'),
('input haptic panel Sharable bandwidth-monitored complexity expedite B2C bandwidth', '../../users/1/unsplash_GBEHjsPQbEQ.png', 'Orem', 'http://sterling.com', '2022-02-12 04:51:53', 'a5849e3f-0840-4462-9511-c190a24b1af1'),
('override wireless panel Automated dedicated time-frame incentivize web-enabled methodologies', '../../users/1/unsplash_GBEHjsPQbEQ.png', 'Farmington', 'https://russell.org', '2022-02-12 04:51:53', 'f7151783-0294-4854-a3db-e399267e86e8');

INSERT INTO login( username, password, user_id) 
VALUES 
('Zora73', 'password', 'ff3b766f-1807-4101-b174-20a7e81d0561'),
('Elvera_Schneider41', 'password', '547a242e-3196-49df-9a78-ea99b0aed8b2'),
('Louisa.Pollich54', 'password', '13a12309-49e7-4e02-8c40-d419169192f6'),
('Rashad25', 'password', '93f4865a-4c9d-40ee-9278-c47fcc9ec39a'),
('Letha_Rath90', 'password', '9708b3f4-3e82-4f74-aeb4-892298a7e1a5'),
('Jake73', 'password', '5e24734a-a239-4263-ab8c-4020c1470ed6'),
('Leopoldo_Fadel73', 'password', '62efc95f-1129-49e2-82d3-86c9d0a206d4'),
('Scot50', 'password', 'b7939549-74e8-4845-a499-35b684d6e9b0'),
('Kacey_McKenzie40', 'password', '1db533cf-42a8-4452-a648-c90487b219d8'),
('Lisandro.Lubowitz66', 'password', 'd48d1dfd-9592-4be0-baab-610ec6b7430d'),
('Antonetta.Cruickshank44', 'password', '5f1e1bda-009d-4079-8108-c6c71db44620'),
('Corine.Ziemann', 'password', 'a5849e3f-0840-4462-9511-c190a24b1af1'),
('Norris.Balistreri', 'password', 'f7151783-0294-4854-a3db-e399267e86e8');


-- INSERT INTO follower_followee( follower_id, followee_id ) VALUES


-- INSERT INTO comments( comment_id, text_content, created_at, status, likes, user_id ) VALUES ('0470cdfc-5912-40bc-a2eb-f328d36bb3f5', 'test text', '1422169200000', '{0, ''}', 0, '206347a2-dbad-4dcd-a352-d0916bf85659'::UUID)

-- INSERT INTO tags( tag_id, tag_name) VALUES

-- INSERT INTO tag_comment( tag_id, comment_id ) VALUES

-- INSERT INTO user_likes(user_id, comment_id ) VALUES



